ID,Name (EN),Name (AR)1,20/20  sm,س.م 20/202,24x7 S/M (AL JAZIRA P/STATION SALWA ROAD),24/ 7 الجزيرة3,911 sm / university,س.م 911/ الجامعة4,A G AMRT,اي جيه مارت5,A.AL SALAM & MANSOURIA CO-OP,جمعية عبدالله الساللم والمنصورية6,ABA MONOPRIX QATAR,مونوبري7,Abaq Al zohour sm,عبق الزهور8,ABDUL LATIF F/S STORES,عبداللطيف للمواد الغذائية ومخزن9,ABDULLA AL KHATTAL GNERAL TRADING,عبدالله الختال للتجارة العامة10,ABDULLAH AL MUBARAK CO-OP,جمعية عبد الله المبارك11,ABOU OBEIDA MARKET / SWEILEH,سوبر ماركت ابو عبيدة/ صويلح12,ABU HALIFA  CO-OP SOCIETY,جمعية أبو حليفة13,ABU HAMAD TRADING,عبدالحميد للتجارة14,Abu Hijleh sm,ابو حجلة15,Abu Jaafar,س.م ابو جعفر16,ABU YASER STORES - BR.,أبو ياسر للمواد الغذائية17,Abubakar Brothers sm,محلات ابو بكر اخوان/ جبل النصر18,ABUDHABI CO OP. SOC.,جمعية أبوظبي التعاونية19,ADALIA CO-OP SOCIETY,جمعية العادلية20,ADWAA AL MADINA SUPERMARKET LLC,أضواء المدينه21,AGRICULTURAL FOOD PRODUCTS CO.,المنتجات الزراعية22,Ahmed Faraj and his partner / SM,شركة تيسير احمد فرج الحسبان وشريكه/المفرق23,AHMED KHAMIS SALIM ABDULLAH / RETAIL GROCERY,بقالة احمد خميس سالم عبدالله / المفرق24,Ahmed Yahya sm / Durra,احمد يحيى للتوفير/ الدرة25,Ajdadona SM,شركة اجدادنا للتجارة ( اسواق اجدادنا )26,AJOU / JABAL AL HUSSEIN,العجو/جبل الحسين27,"AKRAM MUSA ARAFAT, HAMDAN AND HIS BROTHERS / IRBID",اكرم عرفات موسى حمدان واخوانه/ اربد28,Akram Youssef & Associates /Tulkarem sm / Ein Al Basha Inc.,شركة اكرم يوسف وشركاه/ سوق طولكرم/ عين الباشا29,AL  WAHA SUPERMARKET,سوبرماركت الواحة30,AL AASIMA CO-OPERATIVE SOCIETY,جمعيه العاصمة التعاونيه31,AL AHLI GEN.TR.CO.LTD SHJ BR.,32,AL AHLI GENRAL TRADING-FUJ,33,AL AHLI SUPERMARKET LLC - AL TAWOON,34,AL AHLI SUPERMARKET LLC - QASIMIYA SHJ,35,AL AHLI SUPERMARKET-NATL PAINT,36,AL AHLI GROUP,مجموعة الأهلي37,AL AIN CITY CENTRE,العين سيتي سنتر38,AL AIN FLOWER MARKET LLC,39,AL AIN GIFT MARKET - AL AIN,سوق العين للهدايا40,AL AIN MARKETING LLC,العين للتسويق المحدودة41,AL AMAL TRADING CENTRE,مركز الأمل للتجارة42,AL AMRI CENTER,العمرى43,AL ARAB HYPERMARKET,العرب هايبرماركت44,AL ARAB HYPERMARKET - BR.1,45,Al ASAL / Khaled Sabri  / Irbid,محمص العسل/خالد صبري العسل/اربد46,Al Awfya Cooperative Association of Retired /Sahab,جمعية الاوفياء التعاونية للمتقاعدين العسكريين/سحاب47,AL AZIZIA PANDA UNITED ,العزيزيه باندا48,AL BAHAR FOODSTUFF SUPPLY LLC,البحر لتوريد المواد الغذائية المحدودة49,Al Baldeh sm / sweifieh,البلدة للتموين/ الصويفيه50,Al Baraa,البراءة51,AL BARAEM HYPERMARKET -DEIRA,البراعم هايبر ماركت - ديرة52,AL BAYAN FOODS LLC,53,Al BasmehTrading Company / brothers mol / Tabarbour,شركة البصمة الكبرى التجارية/الاخوة مول/طبربور54,AL BIS SM,محلات البس55,Al Dairi & Brothers stores,ش.زياد الديري واخوانه(مخازن الديري اخوان)/الياسمين56,Al Darajj SM,شركة الدراج لتجارة المواد التموينية57,AL DHAFRA CO OP SOCIETY,جمعيه الظفره التعاونيه58,AL DOURI GROUP,سوبرماركت ومحمصة الدوري - رأس الخيمة59,AL EWAN H M,الأيوان60,AL FARID,س م الفريد / المقابلين61,AL HADAF SUPER MARKET,سوبرماركت الهدف62,AL Hajeh Mall,الحجة مول63,AL HAJJAN FOODSTUFF TR.,الهجان لتجارة المواد الغذائية64,AL HAMA FOODSTUFFS WHOLE DIST,الهما للمواد الغذائية للتوزيع بالجملة65,AL HARAZI TRADING -AUH,الحرازي للتجارة - أبوظبي66,AL HASAD AL MUTHMER STORE LLC,67,AL HOOT FOODSTUFF TRADING - NOIMIA,68,AL HOOT GENERAL TRADING(BR)-MUSHREEF,الحوث لتجارة المواد الغذائية - المشرف69,AL HOOT HYPERMARKET LLC - RAK,70,AL HOOTH GENERAL TRADING,71,AL HUDA BUTCHERY,ملحمة الهدى72,AL JAZEERA FLOUR MILLS WLL,73,AL Jawhara/Omar SM / Ramtha,جوهرة عمر / الرمثا74,AL JAZEERA H M,الجزيرة75,AL JAZIRA,الجزيرة76,Al Kamil wa Al misbah mm,الكامل والمصباح لتجارة المواد الغذائية77,Al Kanas,القناص78,AL KARAMA H M,الكرامة79,AL KHALEEJ MARKETS LLC,أسواق الخليج80,AL KHOORI TRADING COMPANY- LLC,شركة الخوري للتجارة المحدودة81,"AL MADADH  S.M., KHORFAKKAN",الأهلي للتجاره العامه - خورفكان82,Al Madina sm,سوبر ماركت المدينة الرياضية83,AL MADINA HYPERMARKET LLC - BANIYAS,84,AL MADINA SUPER MARKET,سوبرماركت المدينه85,AL MAHASHI RESTAURANT,مطعم المحاشي86,AL MAKHMARI TRADING -AUH,المخمري للتجارة - أبوظبي87,AL MANCH FOODSTUFF TRDG EST,88,AL MANAMA HYPER MARKET LLC,المنامة هايبرماركت المحدودة - رأس الخيمة89,Al Maokiee sm,س.م الموقع90,AL MARIAH INTERNATIONAL HYPERMARKET,الماريه إنترناشونال هايبرماركت91,Al Marj Super Market / Marj Al Hamam,سوبر ماركت المرج/ مرج الحمام92,AL MASHREQ S.M.,سوبرماركت المشرق93,AL MAYA GROUP,مجموعة المايا (بردبي)94,AL MEERA,الميرة95,AL MUSHRIF CO OPERATIVE SOCIETY,جمعية المشرف التعاونية96,AL MUSTAQBAL SUPERMARKET LLC,سوبرماركت المستقبل المحدود97,Al Nada Dairies,البان واجبان الندى98,AL OSRA,الأسرة99,AL QABAIL GIFT,هدايا القبائل100,AL QUSOR & AL ADAN CO-OP SOCIETY,جمعية القصور والعدان101,AL RABIE SUPERMARKET,سوبرماركت الربيع102,AL RAEE MEAT & FOODSTUFF TRDG,103,AL RAWABI SUPER MARKET,سوبرماركت الروابي104,Al Rawdah supermarket / Ain Ghazal,سوبر ماركت الروضة/ عين غزال105,AL RAYYAN FOOD COMPLEX,مجمع الريان للتسوق106,Al reef sm,الريف107,AL REFAEYA FOOD STUFFS DISTRIBUTION EST,مؤسسة الرفاعية لتوزيع المواد الغذائية108,AL SAJIDHA SUPER MARKET(RAK) - WHOLESALE,109,AL SAJIDHA SUPERMARKET ( RAK),110,AL SHABIYAH MARKETS,111,AL RIHAB  CO-OP SOCIETY,جمعية الرحاب112,Al roshd markets,اسواق الرشد113,AL SAFA/ KM TRADING GROUP,الصفا/ مجموعة ك أم للتجارة114,Al Sakhaa sm,مخازن السخاء التجارية/ مرج الحمام115,AL SALAM  & AL -SADEQ CO-OP.,جمعية السلام والصادق116,Al Salam sm / Marca,محلات السلام الدولية/ ماركا117,AL SATTER MARKET,الساتر118,Al Shifaa sm,س.م الشفاء119,AL SHUHADA CO-OP SOCIETY,جمعية الشهداء120,AL SOURAH SUPER MARKET,بقالة الصورة121,AL SUEZ SUPER MARKET,سوبرماركت السويس122,AL SUEZ SUPER MARKET NO.-2,123,AL TAHI FOODSTUFF TRADING,الطاهي لتجارة المواد الغذائية124,AL TAWOON GROUP,125,AL TAWOON TR.& DIST EST.,مؤسسة الطاوون للتجارة والتوزيع126,AL TAQDEER PLAZA LLC,127,AL ZAD SUPERMARKET LLC BR1,128,Al Wafa & Al Aml WS / Wadi Seer company,شركة الوفاء والامل للمواد الاستهلاكيه/وادي السير129,AL WAFA GEN TR LLC CENTER,مركز الوفا للتجارة العامة المحدود130,AL WAKRA BIG MART,الوكرة بيغ ماركت131,Al WISAM market,سوق الوسام132,Al yosofi markets,اسواق اليوسفي133,AL YUSRA FOOD STUFF CO.,اليسرة للمواد الغذائية134,AL ZAAD MARKET,الزاد135,AL ZAHRAA COOP SOCIETY,جمعية الزهراء136,AL ZEENATH FLOUR MILL & GEN. STORE (BR.),مطحنة زينيث137,AL ZEENATH FLOUR MILL AND GEN STORE,138,AlAhlam commercial markets / Abu Naseer,اسواق الاحلام التجارية/ ابو نصير139,AL-AHMADI CO-OP SOCIETY,140,AL-AIN CO-OPERATIVE SOC.,جمعيه العين التعاونيه141,ALAM CASH AND CARRY - BR#1,142,ALAM HYPER MARKET LLC,143,ALAM SUPER MARKET-NO 1,144,ALAM SUPERMARKET LL- BR.#10 - SHABIYA-11,145,ALAM SUPERMARKET LL- BR.#5 - SHABIYA-10,146,ALAM SUPERMARKET LL- BR.#6 - SANAIYAH-9,147,ALAM SUPERMARKET LLC-BR # 9 - AIRPORT RO,148,ALAM SUPERMARKET NO 2,149,ALAM SUPERMARKETS (CENTRAL WAREHOUSE),150,ALAM GROUP,مجموعة عالم151,Alawaqlh sm / Ramtha Foundation,مؤسسة العواقلة الاستهلاكية/ الرمثا152,ALBAIT ALSOORY SUPERMARKET,153,ALBAIT ALSYRIA FOODSTUFF TRADING,البيت السوري154,ALBERT ABELA(Supermrkt)S4,البرت أبيلا155,ALBOH,البوح156,Aldkenji Mall,شركة الدكنجي مول التجارية / المقابلين157,Alfabita Jordanian company  / Akram Youssef / Shafa Badran,شركة الفابيتا الاردنية مول/ اكرم يوسف / شفا بدران158,Alfantosh / yajouz Center,مركز الفنتوش/ ياجوز159,Ali Alnosh,علي النوش160,Ali Nassar sm/ Ramtha,مؤسسة علي نصار الاستهلاكية / الرمثا161,Almarmori Alban,البان المرموري162,ALI MOHAMMED FOODSTUFF COMPANY,163,ALMUTBAKH ALSHAMI CATERING SERVICES LLC,المطبخ الشامي لخدمات التقديم الطعام164,AL-QEIRWAN CO-OPERATIVE SOCIET,جمعية القيروان165,ALQLAZ CONSUMER / RAMTHA FOUNDATION,مؤسسة القلاز الاستهلاكية/ الرمثا166,ALRAJPA COMMERCIAL MARKETS / JBAIHA,اسواق الراجبي التجارية/ الجبيهة167,AL-SHAMIA & SHUWAIKH CO-OP,جمعية الشامية والشويخ168,Alshuaani markets Hay Nazzal,اسواق الشوعاني للمواد الغذائية/ حي نزال169,Alsorika sm,السوريكي170,Altroyhha,الترويحة171,Alwesi markets  / Irbid,اسواق الويسي للمواد التموينية / اربد172,ALZAHRTIN,الزهرتين173,AMER,العامر174,AMJAD BUSTNGE & SONS / AQABA,شركة امجد البستنجي واولادة/ العقبة175,Amjad sm,س.م امجد176,ANBAR AL MADINA HYPERMARKET,عنبر المدينة هايبرماركت177,ANDALOUS CO-OP SOCIETY,جمعية الأندلس التعاونية178,ANIMAL WEALTH CO-OP SOCIETY,الثروة الحيوانبة179,ANSAM SM,محمص انسام180,ANSAR GALLARY,أنصار جاليري181,ANSAR GROUP,182,ARDIA CO-OP SOCIETY,جمعية العارضية التعاونية183,Arjan Markets,أرجان184,ARWA SHOPPING CENTRE,مركز أروى185,Asal sm,س.م عسل186,ARIF FOODSTUFF CO. W L L ,187,ASWAAQ,أسواق188,ASWAQ AL AWAFI,أسواق العوافي189,ASWAQ AL HELLI,أسواق الهيلي190,AVENUE SUPER STORE LLC,مخازن أفنيو191,Ayam AL Ramle SM,شركة ايام الرملة192,AYMAN DAWOOD,ايمن داوود193,Ayman Hammouda & Shaker Hussein Company / Wadi Rimam,شركة ايمن حمودة وشاكر حسين/وادي الرمم194,AZIZIA FAMILY SHOPPING- COMPLEX,مجمع العزيزية للتسوق195,B S T BANIYAS SPIKE HYPER MARKET LLC BR1,بي أس تي سنابل بني ياس هايبر ماركت المحدودة - فرع 1196,BAB AL RAYYAN,باب الريان197,Bab Al Riziq,باب الرزق198,BABIL,بابل199,BABIL  2,بابل 2200,Baha markets,اسواق الباحة(احمد خالد احمد البستنجي)خريبة السوق201,BAHRAIN PRIDE TRADE CENTER,فخر البحرين للتجارة202,BAIT AL KARAM GROUP,203,BAIT AL KARAM S/M & MEAT SHOP LLC - ABDU,سوبرماركت وجزارة بيت الكرم المحدودة - عبدو204,BANIYAS CO OPERATIVE SOC.,جمعيه بني ياس التعاونيه205,BANIYAS GRAND HYPERMARKET,بني ياس جراند هايبرماركت206,BANIYAS SPIKE HYPERMARKET- AJMAN,سنابل بني ياس هايبرماركت - عجمان207,BANIYAS SPIKE SUPERMARKET,سوبرماركت سنابل بني ياس208,BANIYAS SPIKE TRADING COMPANY LLC,شركة سنابل بني ياس للتجارة المحدودة209,BATHA LAND,ارض البطحاء210,Bayader Center / Bayader,مركز البيادر للمواد التموينية/ البيادر211,BAYAN CO-OP SOCIETY,جمعية بيان التعاونية212,BDF,ادارة دفاع البحرين213,Be Fresh sm,بي فريش214,Bensovk kareeb sm,س.م بنشوفك عن قريب215,BIG BAZAR HYPER MARKET,البازار الكبيرهايبرماركت216,BIG BOY,بيج بوي217,Bilal Hadatha,س.م بلال218,BEE HYPER MARKET LLC,219,BISMI INTERNATIONAL LLC,بسمي إنترناشونال المحدودة220,BOLLYWOOD HYPER MARKET,بوليوود هايبرماركت221,BULK FOODSTUFF TRADING LLC,222,BURMA S/M,سوبرماركت بورما223,CARAVAN RESTAURANT,مطعم كرافان224,CARREFOUR,كارفور225,CASH - ABDULKARIM MOHD TAHER AL HARMOUDI,226,CASH - AL HUDA GULF F/S TRADING CO - LLC,227,CASH - AL RASHAQA RESTAURANT,228,CASH - AL SANNA FOODSTUFF TR.,229,CASH - AL SORIYAH F/S COMPANY LLC,230,CASH - AL WALEMA RESTAURANT,231,CASH - BAIT AL MAHASHI RESTAURANT- N.PAI,232,CASH - BAIT AL SHAY CAFETERIA,233,CASH - CAFE DE FLEURS FOR LADIES,234,CASH - DYNAMITE PASTA FAST FOOD,235,CASH - FIND ME CAFETERIA,236,CASH - GREEN MART GENERAL TADING LLC,237,CASH - GULFAR FOODSTUFF TRADING COMPANY ,238,CASH - KHAZAN MEAT FACTORY,239,CASH - MERMAID FOODSTUFF CO. LLC (AROOS ,240,CASH - PARATHA KING CAFETERIA,241,CASH - REGENCY TRADING EST,242,CASH - SONA SUPERMARKET,243,CASH - SUMUKH TRADING LLC,244,CASH - SUNNY TRADING FOODS LLC,245,CASH - THE PROFESSIONALS F/S CO LLC,246,CHAMPION 2,شامبيون 2247,CHEESES AND DAIRY MECCA,البان واجبان مكة248,CHOCOLATE BAR REST.& COFFEE,شوكليت بار249,CITY CENTER FOR GEN. TRDG.CO,سيتي سنتر250,CITY MARKET GROUP,مجموعة سيتي ماركت251,CITY STAR HYPERMARKET,سيتي ستار هايبرماركت252,COLOURS HYPER MARKET,كلرز هايبرماركت253,COOPERATIVE ASSOCIATION OF RETIRED BRASS / STALK MARKET / TABARBOUR,الجمعية التعاونية للمتقاعدين العسكرين/سوق القصبة/طبربور254,CORNER SMILES,ركن الابتسامات255,CORNER TRADING CENTRE- MUNTZAH,مركز الزاوية للتجارة256,Countdown Stores & markets,مخازن واسواق العد التنازلي للمواد التموينية / الزرقاء الجديد257,COZMO,كوزمو/ السابع258,CRAVIA INC LLC  (ZAATAR W ZEIT),كرافيا المحدودة (زعتر وزيت)259,C-TOWN,شركة المخازن التجارية الامريكية/السابع260,DAEIYAH CO-OP SOCIETY,جمعية الدعية261,DAHER CO-OP SOCIETY,جمعية الظهر262,DAIRATY MARKET,ديرتي263,Dairies Radwan Nasrallah Qasrawi /,البان واجبان رضوان نصراللة القصراوي/النصر264,Dais stores /Fayk Jawad al-Titi / Irbid,محلات دعيس/فائق عبدالجواد الطيطي/اربد265,DAMAC AL JAZIRA,داماك الجزيرة266,DANA MART HYPER MARKET LLC,دانا مارت هايبرماركت المحدود267,DASMAH & BNEID AL-GAR CO-OP,جمعية الدسمة268,Deir Asteh,دير استية269,DELMA CO-OP.SOCIETY,جمعيه دلما التعاونيه270,DELMA SUPERMARKET,سوبرماركت دلما271,DIAMOND FOOD STUFF,دايموند للمواد الغذائية272,DIAMOND SHOPPING CENTER,دايموند للتسوق273,DIBBA STORE -FUJAIRAH,مخازن دبا - الفجيره274,Dina And Ibrahim markets,اسواق دينا وابراهيم275,DOHA BROTHER GROCERY,بقالة الدوحة اخوان276,DORRAT AL SHALILAH HYPER MARKET,درة الشليلة هايبرماركت277,DREAM HYPERMARKET,دريم هايبرماركت278,DUL HULAIFA GROCERY,بقالة ذوالجليفة279,EASY WAY SUPERMARKET-SHAHAMA,سوبرماركت إيزي واي - الشهامة280,EIN BUSTAN MARKETS,اسواق عين البستان281,ELAH COMMERCIAL MARKETS / AQABA,اسواق ايله التجارية / العقبة282,emad bojeh sm,شركة عماد بوجه واخوانه/سحاب283,Emad Zaza & Co. / North Hashmi,شركة عماد ظاظا وشركاه/ الهاشمي الشمالي284,EMARATS MARKETS,أسواق الإمارات285,EMIRATES CO-OP. SOCIETY,جمعيه الأمارات التعاونيه286,EMIRATES MARKET/ GALERY GROUP,287,Esal supermarket / Gardens,ايصال سوبر ماركت/ الجاردنز288,ESHBELIA CO-OP SOCIETY,اشبيلية289,EMIRATES FLOUR CATERING-AJN,290,ETIHAD EXPRESS TRADING LLC,إتحاد إكسيبريس للتجارة المحدودة291,EXCELLENCE SUPERMARKET,سوبرماركت إكسيلنس292,FACEBOOK,فايس بوك293,Fadel Super Market,سوبر ماركت محمد فاضل (فاضل مول )/ ضاحية الياسمين294,Fadi Mahmoud Salim Ali Alkhozaala SM / Ramtha,السيد فادي محمود سالم علي الخزاعلي/ الرمثا295,FAHAHEEL CO-OP SOCIETY,جمعية الفحاحيل296,FAIHA CO-OP SOCIETY,جمعية الفيحاء297,FALAJ  H M,فلاج298,FAIR PRICE SUPERMARKET LLC,299,FALCON FOOD STUFF TRADING,فالكون لتجارة المواد الغذائية300,FALCON NATIONAL GENERAL TRADING LLC,301,FAMILY / SALAM,شركة الاسرة/ السلام302,FAMILY FOOD CENTER,مركز التموين العائلي303,FAMILY FOOD COMPLEX,مركز التموين العائلي304,FAMILY FOOD LAND,أرض الغذاء305,FAMILY GROCERY,بقالة العائلة306,FAMILY HOUSE FOR SUPPLY / TABARBOUR,بيت العائلة للتموين/ طبربور307,FAMILY SHOPPING CENTRE - FOOD STUUF,مركز العائلي للتموين308,FAMILY SHOPPING- MURRAH,مركز العائلي للتموين309,FAQOSAH SM,س.م فقوسة310,Farah & shahid Super Market  / Khalda,سوبر ماركت فرح وشهد/ تلاع العلي311,Fares mazhir,فارس مزهر312,FARES ZYOUD & CO / AL BAYADER,شركة فارس الزيود وشركاه/البيادر313,FARSAN H M,فرسان314,FARWANIYA CO-OP SOCIETY,جمعية الفروانية315,Fathi Zahran sons markets / Marca,اسواق ابناء فتحي زهران/ ماركا316,FATHIMA GROUP - CENTRAL W/H,مجموعة فاطمة317,FATHIMA HYPERMARKET LLC-ALAIN BR-1,318,FATHIMA SHOPPING COMPLEX,فاطمة319,Fattah Zolaoa / Wadi Rimam,شركة ابناء عبدالفتاح زولاوي/وادي الرمم320,Feras Jabr sm,مؤسسة فراس جبر التجارية/الزرقاء321,FINE WAY SUPERMARKET,سوبرماركت فاين واي322,FINTAS CO-OP SOCIETY,الفنطاس323,FIRDOUS CO-OP SOCIETY,جمعية الفردوس التعاونية324,Florida company,شركة فلوريدا للمواد التمينية/سي مترو/بوابة رقم4325,FLOWER JIBUSOFELIA,زهرة جيبوسوفيليا326,FOOD CENTER MAMOURA,فودسنتر327,FOOD MAX SHOPPING COMPLEX,فودماكس328,FOOD PALACE,قصر الاغديه329,Food Security Store /Basim Hamad,مخزن الامن الغذائي/باسم حمد الزرقاء330,FOOD WORLD,عالم الأغذية331,Food world for trading,شركة عالم الغذاء للتجارة والتسويق/وادي الرمم332,Fouad and Faisal Ibrahim Nassar SM/ Ramtha - Downtown,فؤاد وفيصل ابراهيم نصار /الرمثا - وسط البلد333,FOUAD KHOURY & PARTNERS / SWEIFIEH,شركة فؤاد خوري وشركاه/الصويفية334,FOODSTUFF CATERING HOUSE EST.,335,FOUZY S/MKT - R.A.K,سوبرماركت فوزي - رأس الخيمة336,FRESH & MORE SUPER MARKET LLC - FUJ,337,FRESH & MORE SUPER MARKET-LLC,سوبرماركت فريش أند مور - الفجيره338,FRESH N 1 CO LLC,339,G S F MARKET,جي اس اف340,GEANT GROUP,جيان341,GHADA MARKET,سوق غادة342,Ghazal and Alkachur SM,غزال والكاشور343,GARACHI TRADING STORES WLL,344,GHULAM RAZA MAHMOOD ZADEH GEN TRD CO LLC,شركة غلام رازا محمود زاده للتجارة العامة المحدودة345,GIFT CITY,مدينة الهدايا346,GIFTS MARKETS,أسواق الهدايا347,GRAND HYPER,348,GLOBAL LOGISTICS SERVICES CO LLC.,349,GRAND HYPERMARKET,جراند هايبرماركت - رأس الخيمة350,GRAND HYPERMARKET - RAK,351,GRAND MALL,جراند مول352,GRAND MART LLC,جراند مارت353,GRAND MART LLC - AJMAN,354,GRAND SHOPPING CENTRE A/H,مركو جراند للتسوق355,GRANITE HYPERMARKET LLC,جرانيت هايبرماركت المحدود356,GREEN OASIS,الواحة الخضراء357,HABIBA COMMERCIAL CENTER / SUBURB OF RABIEH,مركز حبيبه التجاري/ ضاحية الرابية358,Hadatha markets,حداثة للاسواق التجارية المتكاملة359,HADEER SUPERMARKET LLC,سوبرماركت هادير360,HADIYA CO-OP SOCIETY,جمعية هدية361,HALA AND NADIA,حلا ونادية362,HALEEM,حليم363,Halloum sm,حلوم364,HARIS AL WATANY CO-OP SOCIETY,جمعية الرس الوطني365,HASAN MOHMOOD,حسن محمود366,HASHIM FLOUR MILLS,مطاحن هاشم367,HASSAN ABDUL GAFOOR(AL RAS),حسن عبدالغفور (الرأس)368,HASSAN SUPERMARKET,سوبرماركت حسن369,Hayat Al  Fhais mm,حياة الفحيص370,HAZEL TRADING AND CONTRACTING W.L.L,حازل للتجارة والمقاولات371,HETTEN CO-OPERATIVE SOCIETY,جمعية حطين372,HI MART,هاي مارت373,HIDD COOPERATIVE SOCIETY,جمعية الحد374,HIGH LAND HYPERMARKETS,هاي لاند375,HOME FRESH SUPERMARKET,سوبرماركت هوم فريش376,HOT OVEN LLC,هوت أوفن المحدودة377,Howrah mm,حوراء378,HUSSEIN MUSTAFA MOHAMED & BROS. / YAJOUZ KRB,شركة حسين مصطفى محمد واخوانه/ ياجوزKRB379,HUSSIEN A.AZIZ FOOD STUFF EST.,حسين العزيز للمواد الغذائية380,HYDE PARK SUPERMARKET,سوبرماركت هايد بارك381,INDIAN HYPERMARKET,هايبر ماركت الهندي382,INTEGRAL FOOD SERVICES,انتجرال لخدمات الطعام383,INTERNATIONAL GRAND MART SUPERMARKET LLC,سوبرماركت إنترناشونال جراند مارت المحدود384,INTERNATIONAL HYPERMARKET,إنترناشونال هايبرماركت385,ISMAIL BAUDOIN & CO / AL-HUSSEIN CAMP-HINJR,شركة اسماعيل بدوان وشركاه/مخيم الحسين-الهنجر386,ISTANBUL FOODSTUFF COMPANY,387,ISTANBUL FOODSTUFF TRADING CO/RAK,388,ISTANBUL FOODSTUFF TRADING-ALAIN,389,ISTANBUL TRADING CO&ROASTERY,شركة إسطنبول للتجارة ومحمصة390,Jabal Al SHeikh / Irbid,جبل الشيخ للمواد التموينية/اربد391,JABAL ARAFA S/M (NEW WAKHRA),سوبر ماركت جبل عرفة392,JABER AL ALI  CO-OPERATIVE SOCIETY,جمعية جابر العلي393,JABRIYA CO-OP SOCIETY,جمعية الجابرية394,JAHRA CO-OP SOCIETY,جمعية الجهراء395,JALAL MUNCIE STORES,جلال منسي ستورز396,JALEEB AL SHUWKH CO-OP SOCIETY,جمعية الجليب397,JALEEL WHOLE SALE POINT,جليل للبيع بالجملة398,JALEEL WHOLE SALE POINT --AJMAN,399,Janet Adan,جنة عدن400,JARWAN SM,جروان س. م401,JAWAD S/M,سوبرماركت جواد402,Jawhart Al Kareem,جوهرة الكريم403,Jawhatr Al Badiha sm,جوهرة الباديه الشرقيه للمواد التموينيه / المفرق404,Jerash Mall Company,شركة جرش مول405,JERIRA,الجريري406,JIHAD KHALED AL-RIFAI & PARTNER / IRBID,شركة جهاد خالد الرفاعي وشريكه / اربد407,Jordan markets / Bassam Mubarak,اسواق الاردن/ بسام مبارك408,Joy way stores / University street,مخازن طريق الفرح/ شارع الجامعة409,JUNAID ALAM SUPERMARKET LLC - MADINAT ZA,سوبرماركت جنيد عالم المحدود - مدينة زايد410,JUNAIDI,الجنيدي411,K. MART SUPERMARKET LLC,سوبرماركت كيه مارت المحدود412,K.K.PROVISION STORE,مخزن كيه كيه بروفيجين413,KABAYAN INT'L HYPERMARKETS,كابايان هايبرماركت414,KABAYAN SUPERMARKETS(MAIN SOUQ),كابايان سوبرماركت415,KADDOUMI,القدومي416,Kalis sm,شركة كاليس لتجارة المواد التموينية/القويسمة417,Kareer markets,اسواق قرير التجارية418,Karim Khudair & Co. / Wadi Rimam,شركة عبدالكريم خضير وشركاه / وادي الرمم419,Kawalees,الكواليس420,KAY KAY FOOD STUFF TRADING EST,مؤسسة كاي كاي لتجارة المواد الغذائية421,KEIFAN CO-OP SOCIETY,جمعية كيفان422,KENZ HYPERMARKET,كنز هايبرماركت423,KERALA SUPER MARKET,سوبرماركت كرالا424,KHADER HUSSEIN ATTIA & SONS CO. / IMMIGRANTS,شركة خضر حسين عطية واولاده/ المهاجرين425,KHALDIA CO-OP SOCIETY,جمعية الخالدية426,KHALDOUN FOUNDATION MATALQA COMMERCIAL / IRBID,مؤسسة خلدون مطالقه التجارية / اربد427,KHALEEJ MARKET,الخليج ماركت428,KHALIDIYA CO-OP SOC.,جمعيه الخالدية التعاونيه429,KHARATIAT COMPLEX,مجمع الخريطيات430,Khatib sm / North Hashmi,س.م الخطيب/الهاشمي الشمالي431,KHETAN CO-OP SOCIETY,جمعية خيطان التعاونية432,KHOURY TRADERS,خوري للتجارة433,KUWAIT & MIDDLE EAST.,سوق الكويت والشرق الأوسط434,LA PATISSIERE LLC,لا باتيسيير المحدود435,Lafi stores / Wadi Rimam,محلات لافي/وادي الرمم436,LAGOON FAMILY SHOPPING COMPLEX,مجمع لاقون437,LANTANA TRADING CENTER,لانتانا للتجارة438,Lauzanne,لوزان439,LEBANESE FLOWER CAFETERIAL & RESTAURANT ,مطعم و كافتيريا زهرة لبنان440,LEBANESE ROASTER - BRANCH,441,LEBANESE ROASTER LLC - BR.4 (MUROOR BR),442,LEBANESE ROASTER LLC - BR.6 (CORNICH RD),443,LEBANESE ROASTER LLC - BR.7 (MOHD BIN Z),444,LEBANESE ROASTER SM LLC- SHJ,445,LIVE'LY LLC,446,LEBANESE GROUP,المجموعة اللبنانية447,LEBANON TRADE CENTER,مركز لينان للتجارة448,LIFCO GROUP,مجموعة ليفكو449,LLU SM,س.م للو450,LOGIC FOOD CENTER,مركز لوجيك451,LOGIC FRESH MART,مركز لوجيك الطازج452,LOGIC GROUP OF COMPANIES ( FAHTIMA S.C),مجموعة لوجيك453,LOGIC HYPER MARKET,هايبرماركت لوجيك454,LOGIC MALL MAIZER BRANCH,لوجيك مول455,Loloa Al Madina,لؤلؤة المدينة456,Loloaa AL Juwaideh markets,اسواق لؤلؤة الجويدة التجاريه/الجويدة457,LONDON SUPER MARKET,سوق لندن المركزي458,LULU GROUP,مجموعة اللولو459,MACROMART,ماكرو مارت460,MAHBOOB STORES,محبوب ستورز461,MAIS ALGHANIM RESTAURANT,مطعم ميس الغانم462,Majid mm,س.م الماجد463,MALL OF ASIA,مول أسيا464,MAMOURA COMPLEX (HYPER MARKET),مجمع المعمورة465,MANAMA GROUP,مجموعة المنامة466,MANAR EL SHAM WEDDING SERVICES LLC,منارالشام لخدمات الأفراح467,MANHAL MODERN GROCERY,المنهل الحديث468,MANHAL STORES,منهل الخيرات469,Mansi sm,س.م منسي470,Marhaba center / Aqaba,مركز مرحبا/ العقبة471,MARINA HOTEL,فندق مارينا472,MARS H M,مارس473,MARS SHOPPING CENTRE,مجمع مارس474,MASS INTERNATIONAL LLC,ماس إنترناشونال المحدودة475,MASSKAR HYPERMARKET,مسكر هايبرماركت476,MASTER POINT,ناستر بوينت477,Maswadeh Center / Jihad and Rabah,مسودة سنتر / جهاد ورباح وجميل مسوده478,MEERA SOUK,سوق ميرا479,MEGA MART,ميغا مارت480,MIDWAY S/M,ميدواي481,Miles sm,شركة الاسواق العالمية المتطورة للتجارة (مايلز س.م482,MILLENNIUM CATERING & TRADING LLC BR#2,483,MILLENNIUM CATERING & TRADING LLC BR#4,484,MILLENNIUM CATERING & TRADING LLC-SALAM ,485,MILLENNIUM CATERING & TRADING LLC-SENIOR,486,MILLENNIUM CATERING &TRDG LLC-BR (JUNIOR,487,MILLENNIUM EXPRESS SUPER MARKET LLC,488,MILLENNIUM GENERAL MARKET LLC -DELMA STR,489,MILLENNIUM SUPERMARKET- MUROOR ROAD,490,MILLENNIUM GROUP,مجموعة ميلينيوم491,MINAWI,الميناوي492,MINISTRY OF DEFENCE COOP,جمعية الدفاع493,MISHRIF CO-OP SOCIETY,جمعية مشرف494,MM Saied,م.م سائد495,MOBASCH EXPRESS SUPER MARKET,موباش إكسبرس496,Mohammed Abu Noqta grocery / markets Furqan / Irbid,بقالة محمد ابو نقطه/اسواق الفرقان/اربد497,Mohammed Ali Abu Asaid (Alakrbawi Mall) /,محل محمد علي ابو اسعيد (العقرباوي مول)/ الزرقاء498,Mohammed Amro Moussa and Co.,شركة محمد موسى عمرو وشركاه499,Mohammed Ayoub Supermarket / Ramtha,سوبر ماركت محمد الايوب / الرمثا500,Mohammed Jaber Alakrbawi grocery,بقالة محمد جبر العقرباوي/ الزرقاء501,MOHAMMED RASOOL KHOORY & SONS,محمود رسول خوري وأولاده502,Mohammed Yahya Foundation,مؤسسة محمد يحيى للتسويق/وادي الرمم503,MOHIDEEN GEN. TRADING LLC,محي الدين للتجارة العامة المحدودة504,MSHAKEK FOODSTUFF CATERING,505,MUJAMA AL TAWOON TR.EST,506,Mriach yosf & Sons Co.,شركة يوسف مريش واولاده/  الزرقاء507,MUBAREK AL KEBEAR,مبارك الكبير508,MUNTAZAH,المنتزه509,Munther Al KHodari Trading Est / Aqaba,مؤسسة منذر الخضري التجارية / العقبة510,MY HOME SUPERMARKETS,ماي هوم511,My Market,ماي ماركت512,Nabil misk company,شركة نبيل مسك513,Nabil Rajab al-Khawaja g / Marka,شركة نبيل مسك ورجب الخواجا/ ماركا514,Najm Al Wadi / Ras Al Ain,شركة نجم الوادي لتجارة وصناعة المواد الغذائية / راس العين515,NAJMAH FIRDOUS TRADING CO.,نجمة الفردوس516,NAMI SUPERMARKETS,سوبرماركت نامي517,NASAR NELLOY GEN. TR. LLC,نصر نيلوي للتجارة العامة المحدودة518,Naseem Al Balqa markets,اسواق نسيم البلقاء519,NASEEM CO-OP SOCIETY,جمعية النسيم520,NASEEM STORES,نسيم ستورز521,NATIONAL CATERING COMPANY LIMITED -WLL,شركة ناشونال كاترينج المحدودة522,NATIONAL MARKET,ناشيونال ماركت523,Nazzal mall,نزال مول/ حي نزال524,Nejmt Jbaiha sm,س.م نجوم الجبيهة525,NESTO GROUP,مجموعة نستو526,NEW FOOD WORLD RAYYAN,عالم الغذاء الجديد527,NEW INDIAN S/M,المطعم الهندي الحديث528,NEW QUALITY HYPERMARKET (BIN MAHAMOUD),كواليتي الجديد529,NEW TAIF SM,الطائف الجديد530,Nizar habab and Co. / Time mall / Tabarbour,شركة نزار الهباب وشركاه/تايم مول/طبربور531,NOOR AL IZDIHAR S/M,سوبرماركت نور الإزدهار532,NOOR AL WAKRAH FOOD CENTER,نور الوكرة533,NOOR H M,نور534,NUZHA CO-OP SOCIETY,جمعية النزهة التعاونية535,Omar Abdullah Al Zoubi SM / Irbid,محلات عمر عبدالله الزعبي للمواد التموينية / اربد536,Omar Ibrahim / Jawa,عمر ابراهيم /جاوا537,OMARIA  CO-OP SOCIETY,جمعية العمرية التعاونية538,On the way sm / Hashemi north,ش.على الطريق لتجارة المواد التموينية/هاشمي شمالي539,ONAYZA COMPLEX,مجمع عنيزة540,ONYX,اونيكس541,Oyon Bashiq,عيون الباشق542,PALM CENTRE,مركز بالم543,PALM DISCOUNT CENTER,مركز بالم للتخفيضات544,PALM GROUP LLC,مجموعة بالم545,PAN ARABIAN SHIPCHANDLERS (LLC),546,PARATHA KING RESTAURANT,547,PARK N SHOP HYPERMARKETS,بارك أند شوب548,PINOY FOOD CENTRE,مركز بينوي للغذاء549,POLICE CONSUMER CO-OP,جمعية الشرطة550,Poultry Al Sunbolah (Yosef frijan Foundation) / Aqaba,دواجن السنبلة ( مؤسسة يوسف فريجان )/ العقبة551,PRICE / RASHEED,Price /الرشيد552,PUBLIC SECUITY,الأمن العام553,QADSIA CO-OP SOCIETY,جمعية القادسية التعاونية554,QATAR BIG MART,قطر بيغ مارت555,QATAR SHOPPING COMPLEX,مجمع قطر للتسوق556,QATAR STAR SERVICES,نجمة قطر للخدمات557,Q TEN EXPRESS SUPERMARKET LLC,558,QEMAT JEBAL MUSQAT TR.,قمه جبل مسقط للتجاره559,QORTOBA CO-OP SOCIETY,جمعية قرطبه560,QUALITY HYPERMARKET,كواليتي هايبرماركت561,QUALITY MALL (HILAL),كواليتي مول562,QUALITY MART ( MUSHIREB),كواليتي مارت مشيريب563,R.A.K. CO-OPERATIVE SOC.,جمعيه رأس الخيمة التعاونيه564,R.A.K. NATIONAL MARKETS,أسواق رأس الخيمة الوطنية565,R.A.K. TRADING MALL,مول رأس الخيمة التجاري566,RABIA CO-OPERATIVE SOCIETY,جمعية الرابية التعاونية567,Rabwt Al Sawsaneh trading company,شركة ربوة السوسنة للتجارة العامة568,RADAR S/M (KHALID SULAITI S/M OLD),سوبرماركت رادار569,RAED KURDS MARKETS CONSUMER / TABARBOUR,اسواق رائد الكرد الاستهلاكية/ طبربور570,RAMEZ GROUP,مجموعة رامز571,Rami Super Market / Marj Al Hamam,سوبر ماركت رامي/ مرج الحمام572,RAMLA HYPERMARKET LLC - RAK,رملة هايبرماركت المحدودة - رأس الخيمة573,RASHDAN FOUNDATION,مؤسسة الرشدان للمواد الاستهلاكية/ اربد574,Rashid  Hamada,س.م رشيد حمادة575,Rasmi market,سوق رسمي التجاري576,RAWABI FOOD,الروابي577,Rawabi Mall,روابي النصر مول (محمد وثروت الاسطل)/ النصر578,RAWABI MINI HYPERMARKET,روابي ميني ماركت579,RAWASCO,رواسكو580,RAWDAH & HAWALLI CO-OP SOCIETY,جمعية الروضة581,REBOUE AL SHAM FOODSTUFF TRDG,ربوع الشام لتجارة المواد الغذائية582,RED APPLES,التفاح الاحمر583,REFAH GIFTS MARKET,أسواق رفاه للهدايا584,REGENCY HYPERMARKETS,ريجينسي هايبرماركت585,RETAIL MART (INDUSTRIAL AREA),ريتيل مارت586,RETAIL MART (WAKRA),ريتيل مارت587,Retired Military Association / market Alabtrawi,جمعية المتقاعدين العسكريين/ سوق البتراوي588,RIQAH CO-OP SOCIETY,جمعية الرقة589,Roasted Al Tanaasok,س.م التناسق590,Robo Al Quds- Al Abdali,حسن عبدالله العبدابوعواد(بقالة ربوع القدس)/العبدلي591,Rose Basman SM/ Mohamed Mahmoud Hassanein / Jerash,مؤسسة وردة بسمان الكبرى/محمد محمود حسين/جرش592,ROSEBERRY SUPERMARKET LLC (EIG),593,ROYAL CITY MARKET - AL FALAH BR.,594,ROYAL CITY MARKET - HAMDAN,رويال سيتي ماركت - حمدان595,RUMAITHIYA CO-OP SOCIETY,جمعية الرميثية596,RUYAN DEPARTMENT STORE,رويان597,S AL QUEBAISY FLOUR MILLS LLC,مطاحن س القبيصي المحدودة598,SAAD AL ABDULLAH CO-OP,جمعية سعد العبدلله599,Saad mriash,سعد مريش600,Saadi Abu Odeh sm,سعدي ابو عودة/الصيادلة601,SABAH AL NASSER CO-OP SOCIETY,جمعية صباح الناصر602,SABAH SALEM CO-OP SOCIETY,جمعية صباح السالم603,SABAHIA  CO-OP SOCIETY,جمعية الصباحية604,SABIRA SUPER MARKET,سوبرماركت صابرا605,SABIRA SUPERMARKET BR.,606,SAD MOON,ساد موون607,SAFARI HYPERMARKET,سفاري هايبرماركت608,SAFARI MALL,سفاري مول609,SAFARI SHOPPING COMPLEX (Umm Salal),مجمع سفاري610,SAFEER GROUP,مجموعة سفير611,SAJIDA SUPER MARKET(KHORFAKHAN),612,SAJIDA SUPERMARKET (KALBA),613,SAFIR HOTEL & RESIDENCE,سفير للفنادق والسكن614,SAFIR INTERNATIONAL HOTEL,فندق سفير الدولي615,SAHOOT H M,سحوت616,SAJIDA SUPER MARKET,سوبرماركت ساجده617,SALAH C/S (NEAR IBRAHIM AL KHORY),مجمع صلاح618,saleh Mohammad Qasim Abossalh & Sons / Maan,ش.صالح محمد قاسم ابوصالح واولاده/معان619,SALMIYA CO-OP SOCIETY,جمعية السالمية620,SALWA CO-OP SOCIETY,جمعية سلوى621,SALWA FAMILY SHOPPING- COMPLEX,مجمع سلوى العائلي622,SALWA SUPERMARKETS,سوبرماركت سلوى623,SAMA H M,سما624,SAMA LEWA H M,سما ليوا625,Samara,سمارة626,SAMEH KHADER & CO. / MECCA / IRBID MARKETS,شركة سامح الخضر وشركاه /اسواق مكة/ اربد627,Samir wiher,سمير وهر628,Sarrisa mall / Jbaiha,ساريسي مول/الجبيهة629,SAUDIA SUPERMARKET,السعودية سوبرماركت630,SAVECO AL QATAMI GEN. TRAD. CO,سيفكو631,SEA SHORE FOOD CENTER,مركز شاطئ البحرللغذاء632,Segal commercial markets,سيجال للاسواق التجارية633,SELECT MARKET LLC,سيليكت ماركت المحدود634,SEVEN EMIRATES SUPERMARKET,سوبرماركت الامارات السبع635,SHAAB & MIDAN HAWALLI CO-OP,جمعية الشعب636,Shahd markets,اسواق الشهد التجارية637,SHABAB AL AIN FOODSTUFF TRADING LLC,638,SHAHEEN SUPER MARKET,سوبرماركت شاهين639,Shaker Baloti GROCERY / Rusaifa,بقالة شاكر مصطفى شاكر (البلوطي)/ الرصيفة640,SHAKLAN MARKET LLC,641,SHAKLAN MARKET 2 LLC,642,SHAKLAN MARKET 3 LLC,643,SHAKLAN MARKET,شكلان ماركت644,SHANKER TRADING CO.,شركة شانكر للتجارة645,SHARJAH CENTRAL JAIL,سجن الشارقة المركزي646,SHARJAH CO-OPERATIVE SOC.,جمعيه الشارقه التعاونيه647,SHARQ CO-OP SOCIETY,جمعية شرق648,SHARWA CENTER,مركز شروى649,Shehadeh Abu Sunbul Stores,محلات شحادة ابو سنبل / ماركا650,SHONEEZ,شونيز651,SHOP RITE,شوب رايت652,SHOPPING CORNER / ABONASIR,ركن التسوق/ السوسنة ابونصير653,SHQARY,شقارى654,SILVER GROUP (YELLOW CAB PIZZA),المجموعة الفضية ( يلو كاب بيتزا)655,SKYMALL,سكاي مول656,SM 911,س م 911657,SM Amjad Qassim,شركة امجد قاسم658,SM Azzouz,محلات عزوز659,SM Granada / sweifieh,اسواق غرناطة/ الصويفيه660,SM Jabr / North Hashmi,محلات جبر/ الهاشمي الشمالي661,SM MASHAWEER,س م مشاوير662,SM Oxygen,س. م اكسجين663,SM RAZAN,جنة رزان664,sm Samir,س. سمير665,SM Savings,الاتجاه التوفيري/ السلط666,SM Shaher Hendash,محلات شاهر حنداش667,SM. ABU-AWAD,س م ابو العوض668,SMILE HYPERMARKET,سمايل669,SOLA SHOPPER CENTRE,مركز سولا670,SONS KHAMIS FOUNDATION / VALLEY RIMAM,مؤسسة ابناء خميس/وادي الرمم671,SOUQ AL MUBARAK HYPERNARKET LLC,سوق المبارك هايبرماركت المحدود672,SOUQ AL MUBARAK HYPERMARKET LLC,673,SOUQ PLANET - AL GURM,674,SOUQ PLANET AL AIN,سوق بلانيت العين675,SOUQ SHARQ AL-AHMADI,سوق شرق676,SPINNEYS GROUP,سبينس677,SPOT LIGHT,سبوت لايت678,SQUARE SUPERMARKET LLC,سوبرماركت سكوير المحدود679,STAR ABU NASEER,نجمة ابو نصير680,STAR F/M (FRG.NASR),ستار اف ام681,STAR SUPERMARKET,سوبرماركت ستار682,STERLING CATGERING SERVICES,سترلينغ لخدمات الطعام683,Stop and Shop Luweibdeh,ستوب اند شوب اللويبدة684,Stop and shopping,التوقف والتسوق685,STOP N' SHOP,ستوب أند شوب686,SULAIBIKHAT & DOHA COOP,جمعية الصلبيخات687,SULEBIA CO-OP SOCIETY,جمعية الصليبية التعاونية688,SULTAN CENTER,مركز سلطان689,SUNKEY MILLS FOR FOOD STUFF,مطاحن سنكي690,SUPER ABDEL NASSER MARKET / JBAIHA,سوبر ماركت عبد الناصر/ الجبيهة691,Super Al Ahfad Market / Jbaiha,سوبر ماركت الاحفاد/ الجبيهة692,Super Market Al Eshraf / Irbid,سوبر ماركت الاشراف/ اربد693,SUPERMARKET FOUR CATS / JBAIHA,سوبر ماركت القطط الاربعة/الجبيهة694,SUPERMARKET NASSER HAMDALLAH KABBAAR / KHALDA,سوبر ماركت ناصر حمدالله قباعر/خلدا695,Supermarket On the Run / Irbid,سوبر ماركت الهارب  (Onthe Run)/ اربد696,SURRAH CO-OP SOCIETY,جمعية السرة697,Syed food sm / Sports City,سيد الطعام للمواد التموينية / المدينة الرياضية698,TARIF S/M,سوبرماركت طريف699,TASTE & SHOP,تايست أند شوب700,TAWAIN AL MADINA SUPERMARKET,سوبرماركت طوين المدينه701,TAZWEED FOR TRADING AND CATERING,تزويد للتجارة702,THE EYES OF THE CITY,عيون المدينة703,THE PHILIPPINE STORE,مركز الفلبين704,Toot bari,س.م توت بري705,Top and Top /wadi Jeriah,توب اند توب/ وادي جريعة706,Trade way sm,تريد واي707,"TRANS ARABIA TRADING CO,LTD",ترانس ارابيا للتجارة708,U.A.Q GIFT CENTRE,مركز هدايا أم القوين709,UAE UNIVERSITY,710,UMMER GROCERY,بقالة عمر711,UNION CO-OPERATIVE SOCIETY,جمعيه أسواق عجمان التعاونيه712,UNITED DISCOUNT CENTRE,713,UNITED HYPER MARKET,يونايتد هايبر ماركت714,VOLL SUPERMARKET LLC,715,UNIVERSITY ROASTERY,محمص الجامعة716,VINEGAR AND OIL,خل وزيت717,WADI AL NOOR GROCERY,بقالة وادي النور718,WADI ALNOOR MODERN F/S & FRUIT & VEG TR,719,WAFRAH CO-OP SOCIETY,جمعية الوفرة720,WAFI GOURMET (BR. OF WAFI HOSPOTALITY) L,721,WAHAT AL AIN MARKETS,أسواق واحات العين722,Walid and Amjad Amro sm,شركة وليد وامجد عمرو التجارية/ الوحدات723,WALID AWAD & PARTNERS / SWEILEH,شركة وليد عوض وشركاه/ صويلح724,WALL MART HYPER MARKET,وول مارت هايبرماركت725,WEST ZONE GROUP,مجموعة ويست زون726,WESTBAY COMPLEX,مجمع الخليج الغربي727,WESTERN RIGEON MARKET,المنطقة الغريبة728,WORLD WIDE GROUP TRADING & CONTRACTING,مجموعة ورلد وايد729,YAAQHOB AMAIREH & CO. / JBAIHA,ش.يعقوب العمايرة وشركاه/الجبيهة730,YALA SUPERMARKET,سوبرماركت يلا731,YARMOUK CO-OP SOCIETY,جمعية اليرموك732,Yasser Mall,(شركة ياسر الحسامي واخوانه (ياسر مول733,YOUNUS FOODSTUFF TRADING STOR LLC,مخزن يونس لتجارة المواد الغذائية734,Yusuf Mohamed Foundation Abdfattah Kutkut / Irbid,مؤسسة يوسف محمد عبدالقتاح كتكت/اربد735,ZAHIA  H M,زاهيه736,Zahret Al Tayebat,زهرة الطيبات737,Zahrit Al ordon Mall,زهرة الاردن مول/ ابو علندا738,ZAMZAM GLOBAL MARKETS / IRBID / MAIN BRANCH,اسواق زمزم العالمية/ اربد/ الفرع الرئيسي739,ZEE STORES (CATERING),مخازن زي (لتقديم الطعام)740,ZENITH SUPER MARKET (BR.),741,ZENITH SUPERMARKET - (BR2),742,ZENITH SUPER MARKET,سوبرماركت زينيث743,Ziad Youssef Kazan & Partner SM,شركة زياد يوسف قازان وشريكه / المفرق744,ZINC,زنك